{
  "type": "REST Waterfall",
  "timestamp": "2026-02-16T08:55:24.841Z",
  "metrics": {
    "rest_waterfall_total_ms": {
      "p(95)": 18,
      "avg": 10.321348209263078,
      "min": 3,
      "med": 8,
      "max": 629,
      "p(90)": 15
    },
    "rest_user_call_ms": {
      "avg": 2.1005613632101996,
      "min": 0,
      "med": 1.5699,
      "max": 323.7078,
      "p(90)": 2.6807800000000004,
      "p(95)": 3.369320000000001
    },
    "rest_orders_call_ms": {
      "p(95)": 3.347355000000001,
      "avg": 1.94734228389275,
      "min": 0,
      "med": 1.5889,
      "max": 350.2837,
      "p(90)": 2.6814700000000005
    },
    "rest_products_scatter_ms": {
      "p(90)": 4,
      "p(95)": 5,
      "avg": 2.6848996012280764,
      "min": 0,
      "med": 2,
      "max": 114
    },
    "rest_payment_call_ms": {
      "max": 93.114,
      "p(90)": 2.6118400000000004,
      "p(95)": 3.1858199999999997,
      "avg": 1.74756750538165,
      "min": 0,
      "med": 1.5749
    },
    "rest_total_payload_bytes": {
      "p(95)": 1019,
      "avg": 694.7957059816239,
      "min": 463,
      "med": 609,
      "max": 1019,
      "p(90)": 1019
    },
    "rest_total_http_calls": {
      "count": 113534,
      "rate": 781.4180927688528
    },
    "http_req_duration": {
      "avg": 1.829803777722975,
      "min": 0,
      "med": 1.5718,
      "max": 350.2837,
      "p(90)": 2.5804199999999953,
      "p(95)": 3.1832099999999945
    },
    "http_reqs": {
      "count": 113534,
      "rate": 781.4180927688528
    }
  }
}